-- phpMyAdmin SQL Dump
-- version 5.2.1
-- https://www.phpmyadmin.net/
--
-- Hôte : mysql
-- Généré le : mer. 12 juin 2024 à 19:49
-- Version du serveur : 5.7.44
-- Version de PHP : 8.2.8

SET SQL_MODE = "NO_AUTO_VALUE_ON_ZERO";
START TRANSACTION;
SET time_zone = "+00:00";


/*!40101 SET @OLD_CHARACTER_SET_CLIENT=@@CHARACTER_SET_CLIENT */;
/*!40101 SET @OLD_CHARACTER_SET_RESULTS=@@CHARACTER_SET_RESULTS */;
/*!40101 SET @OLD_COLLATION_CONNECTION=@@COLLATION_CONNECTION */;
/*!40101 SET NAMES utf8mb4 */;

--
-- Base de données : `wb_trackapp`
--

-- --------------------------------------------------------

--
-- Structure de la table `data_collecteds`
--

CREATE TABLE `data_collecteds` (
  `id` bigint(20) UNSIGNED NOT NULL,
  `measured_value` double(8,2) NOT NULL,
  `running_time` double NOT NULL,
  `running_status` tinyint(1) NOT NULL,
  `data_count` int(11) NOT NULL,
  `created_at` timestamp NULL DEFAULT NULL,
  `updated_at` timestamp NULL DEFAULT NULL,
  `module_id` bigint(20) UNSIGNED NOT NULL
) ENGINE=InnoDB DEFAULT CHARSET=utf8mb4 COLLATE=utf8mb4_unicode_ci;

--
-- Déchargement des données de la table `data_collecteds`
--

INSERT INTO `data_collecteds` (`id`, `measured_value`, `running_time`, `running_status`, `data_count`, `created_at`, `updated_at`, `module_id`) VALUES
(1, 32.86, 634.99, 0, 139, '2024-05-22 10:07:21', '2024-05-22 10:07:21', 7),
(2, 90.30, 5745.5, 1, 304, '2024-05-25 05:20:23', '2024-05-25 05:20:23', 11),
(3, 85.97, 2861.97, 1, 669, '2024-06-07 21:51:28', '2024-06-07 21:51:28', 5),
(4, 46.63, 8583.77, 1, 60, '2024-06-02 07:47:42', '2024-06-02 07:47:42', 5),
(5, 88.91, 7121.24, 0, 119, '2024-05-22 13:56:24', '2024-05-22 13:56:24', 4),
(6, 61.76, 6925.87, 0, 14, '2024-05-29 14:15:33', '2024-05-29 14:15:33', 2),
(7, 90.42, 8323.18, 0, 424, '2024-06-01 23:41:09', '2024-06-01 23:41:09', 10),
(8, 23.65, 682.78, 0, 817, '2024-06-03 12:25:06', '2024-06-03 12:25:06', 4),
(9, 41.02, 9027.25, 0, 487, '2024-05-17 09:02:10', '2024-05-17 09:02:10', 2),
(10, 46.18, 4113.2, 1, 92, '2024-06-11 07:21:39', '2024-06-11 07:21:39', 11),
(11, 95.66, 406.42, 0, 365, '2024-05-19 18:39:59', '2024-05-19 18:39:59', 2),
(12, 67.79, 805.87, 1, 187, '2024-05-25 01:33:27', '2024-05-25 01:33:27', 4),
(13, 93.80, 2307.25, 1, 327, '2024-06-01 18:01:11', '2024-06-01 18:01:11', 11),
(14, 45.27, 5626.47, 0, 663, '2024-05-26 23:46:11', '2024-05-26 23:46:11', 5),
(15, 57.26, 272.12, 0, 62, '2024-05-25 04:25:35', '2024-05-25 04:25:35', 1),
(16, 86.29, 3816.77, 0, 649, '2024-05-30 10:39:25', '2024-05-30 10:39:25', 6),
(17, 13.60, 830.42, 0, 900, '2024-05-21 16:47:14', '2024-05-21 16:47:14', 3),
(18, 73.00, 3435.07, 0, 826, '2024-06-07 05:24:24', '2024-06-07 05:24:24', 10),
(19, 54.00, 9987.5, 1, 284, '2024-05-15 04:20:30', '2024-05-15 04:20:30', 9),
(20, 75.48, 19.71, 0, 534, '2024-05-24 07:50:03', '2024-05-24 07:50:03', 9),
(21, 3.23, 7990.98, 1, 961, '2024-06-10 04:07:34', '2024-06-10 04:07:34', 9),
(22, 36.58, 1849.54, 0, 830, '2024-06-06 22:53:37', '2024-06-06 22:53:37', 6),
(23, 34.27, 1399.84, 0, 191, '2024-05-17 02:36:58', '2024-05-17 02:36:58', 4),
(24, 14.73, 716.58, 0, 833, '2024-05-15 03:51:14', '2024-05-15 03:51:14', 9),
(25, 34.56, 9250.57, 1, 115, '2024-06-03 20:50:39', '2024-06-03 20:50:39', 11),
(26, 59.03, 2916.32, 0, 861, '2024-05-20 09:11:00', '2024-05-20 09:11:00', 10),
(27, 57.67, 7916.21, 0, 586, '2024-05-24 11:04:20', '2024-05-24 11:04:20', 2),
(28, 26.67, 1075.6, 0, 60, '2024-06-09 10:24:45', '2024-06-09 10:24:45', 10),
(29, 7.85, 4668.98, 1, 774, '2024-05-19 23:35:47', '2024-05-19 23:35:47', 3),
(30, 9.05, 3676.97, 0, 879, '2024-06-09 15:59:09', '2024-06-09 15:59:09', 3),
(31, 37.13, 8035.09, 1, 546, '2024-05-19 23:47:17', '2024-05-19 23:47:17', 8),
(32, 22.03, 1792.78, 0, 839, '2024-05-24 05:56:17', '2024-05-24 05:56:17', 9),
(33, 99.65, 2979.42, 0, 442, '2024-06-10 23:23:20', '2024-06-10 23:23:20', 9),
(34, 58.86, 76.16, 1, 890, '2024-06-02 16:43:11', '2024-06-02 16:43:11', 2),
(35, 75.88, 3066.97, 0, 998, '2024-05-18 09:27:02', '2024-05-18 09:27:02', 8),
(36, 95.29, 7760.41, 0, 623, '2024-05-22 10:55:10', '2024-05-22 10:55:10', 1),
(37, 38.76, 7847.86, 0, 730, '2024-06-01 03:47:05', '2024-06-01 03:47:05', 6),
(38, 4.39, 9824.57, 0, 116, '2024-06-03 01:31:41', '2024-06-03 01:31:41', 10),
(39, 55.18, 2164.68, 1, 446, '2024-05-18 19:27:29', '2024-05-18 19:27:29', 4),
(40, 87.31, 246.99, 0, 639, '2024-06-07 00:36:09', '2024-06-07 00:36:09', 6),
(41, 36.46, 6534.38, 0, 49, '2024-06-03 16:19:37', '2024-06-03 16:19:37', 7),
(42, 60.64, 8259.87, 1, 868, '2024-06-02 18:23:24', '2024-06-02 18:23:24', 6),
(43, 69.19, 3948.37, 1, 921, '2024-06-09 11:44:28', '2024-06-09 11:44:28', 5),
(44, 69.82, 5899.51, 0, 920, '2024-05-25 05:20:43', '2024-05-25 05:20:43', 6),
(45, 42.64, 9684.55, 1, 783, '2024-06-12 19:06:53', '2024-06-12 19:06:53', 9),
(46, 61.88, 9820.8, 0, 411, '2024-05-22 18:01:10', '2024-05-22 18:01:10', 11),
(47, 40.69, 7198.34, 0, 631, '2024-06-09 13:31:01', '2024-06-09 13:31:01', 6),
(48, 58.32, 5947.96, 0, 126, '2024-06-09 12:45:58', '2024-06-09 12:45:58', 6),
(49, 88.97, 2323.52, 0, 87, '2024-06-09 05:19:50', '2024-06-09 05:19:50', 2),
(50, 98.03, 715.12, 1, 75, '2024-05-14 09:29:37', '2024-05-14 09:29:37', 11),
(51, 24.18, 8058.51, 1, 688, '2024-05-21 23:06:44', '2024-05-21 23:06:44', 2),
(52, 22.91, 8000.67, 0, 822, '2024-06-01 03:24:03', '2024-06-01 03:24:03', 10),
(53, 56.98, 0.07, 0, 327, '2024-05-27 04:51:22', '2024-05-27 04:51:22', 10),
(54, 88.76, 7268.58, 1, 831, '2024-05-21 21:37:04', '2024-05-21 21:37:04', 5),
(55, 4.17, 5427.17, 0, 750, '2024-05-23 23:12:21', '2024-05-23 23:12:21', 6),
(56, 56.39, 8936.98, 1, 155, '2024-06-02 23:43:27', '2024-06-02 23:43:27', 7),
(57, 28.55, 4142.59, 0, 704, '2024-06-08 16:12:30', '2024-06-08 16:12:30', 7),
(58, 34.78, 734.87, 1, 686, '2024-05-19 16:04:07', '2024-05-19 16:04:07', 11),
(59, 29.67, 612.24, 1, 452, '2024-06-03 11:55:25', '2024-06-03 11:55:25', 11),
(60, 16.98, 3173.96, 0, 564, '2024-05-29 07:38:45', '2024-05-29 07:38:45', 4),
(61, 66.40, 1969.07, 1, 839, '2024-05-18 22:53:54', '2024-05-18 22:53:54', 10),
(62, 97.14, 4996.94, 1, 504, '2024-06-12 01:48:29', '2024-06-12 01:48:29', 9),
(63, 52.05, 9280.12, 0, 182, '2024-05-22 17:15:17', '2024-05-22 17:15:17', 10),
(64, 79.83, 6827.53, 1, 132, '2024-06-11 03:27:55', '2024-06-11 03:27:55', 2),
(65, 99.75, 3455.19, 0, 822, '2024-06-07 20:14:45', '2024-06-07 20:14:45', 3),
(66, 7.94, 2916.63, 0, 195, '2024-05-31 08:06:21', '2024-05-31 08:06:21', 11),
(67, 46.98, 9572.91, 0, 643, '2024-06-05 00:32:25', '2024-06-05 00:32:25', 7),
(68, 61.66, 2949.28, 1, 986, '2024-05-28 17:11:57', '2024-05-28 17:11:57', 6),
(69, 64.65, 2480.61, 1, 407, '2024-06-03 03:27:33', '2024-06-03 03:27:33', 3),
(70, 97.12, 9073.72, 1, 555, '2024-06-06 09:55:37', '2024-06-06 09:55:37', 10),
(71, 67.13, 9597.97, 0, 45, '2024-06-11 17:10:55', '2024-06-11 17:10:55', 3),
(72, 83.23, 606.93, 1, 930, '2024-05-22 19:36:11', '2024-05-22 19:36:11', 5),
(73, 75.47, 4404.07, 0, 50, '2024-06-08 19:01:36', '2024-06-08 19:01:36', 5),
(74, 35.71, 9705.1, 0, 501, '2024-06-11 17:03:55', '2024-06-11 17:03:55', 8),
(75, 82.10, 8742.34, 0, 88, '2024-05-15 21:25:02', '2024-05-15 21:25:02', 3),
(76, 63.45, 3821.85, 0, 695, '2024-06-11 03:08:17', '2024-06-11 03:08:17', 10),
(77, 6.86, 9805.66, 1, 968, '2024-06-09 06:22:04', '2024-06-09 06:22:04', 2),
(78, 66.03, 8762.92, 1, 744, '2024-06-12 10:45:09', '2024-06-12 10:45:09', 1),
(79, 42.21, 5023.44, 0, 346, '2024-06-11 10:49:05', '2024-06-11 10:49:05', 3),
(80, 98.17, 6475.85, 0, 193, '2024-05-19 21:32:56', '2024-05-19 21:32:56', 5),
(81, 41.72, 6147.57, 1, 52, '2024-06-01 17:47:50', '2024-06-01 17:47:50', 3),
(82, 46.13, 9344.38, 1, 375, '2024-06-10 16:50:06', '2024-06-10 16:50:06', 3),
(83, 26.60, 4445.55, 0, 872, '2024-05-29 09:37:30', '2024-05-29 09:37:30', 5),
(84, 27.40, 9604.89, 1, 675, '2024-05-26 07:18:20', '2024-05-26 07:18:20', 4),
(85, 52.36, 6969.49, 0, 563, '2024-05-28 15:39:33', '2024-05-28 15:39:33', 11),
(86, 76.97, 6619.67, 1, 865, '2024-05-25 12:18:39', '2024-05-25 12:18:39', 2),
(87, 68.18, 1686.98, 0, 6, '2024-06-10 14:47:18', '2024-06-10 14:47:18', 2),
(88, 45.84, 3012.39, 0, 806, '2024-06-03 10:49:46', '2024-06-03 10:49:46', 11),
(89, 54.57, 2288.19, 1, 750, '2024-06-02 07:18:13', '2024-06-02 07:18:13', 3),
(90, 99.62, 5789.08, 1, 766, '2024-05-22 13:34:10', '2024-05-22 13:34:10', 6),
(91, 68.94, 4080.06, 0, 895, '2024-06-04 04:42:19', '2024-06-04 04:42:19', 11),
(92, 7.69, 9498.89, 0, 61, '2024-06-12 06:56:44', '2024-06-12 06:56:44', 8),
(93, 7.69, 6731.56, 1, 537, '2024-06-07 01:34:02', '2024-06-07 01:34:02', 11),
(94, 65.06, 9296.26, 1, 596, '2024-05-29 11:42:31', '2024-05-29 11:42:31', 2),
(95, 85.65, 8134.37, 1, 92, '2024-06-05 20:56:21', '2024-06-05 20:56:21', 10),
(96, 21.84, 6098.2, 0, 599, '2024-05-30 15:45:53', '2024-05-30 15:45:53', 4),
(97, 36.56, 3766.73, 1, 672, '2024-06-02 07:43:47', '2024-06-02 07:43:47', 8),
(98, 54.77, 4354.34, 1, 285, '2024-06-10 20:41:19', '2024-06-10 20:41:19', 4),
(99, 65.66, 7488.35, 1, 148, '2024-05-27 03:26:33', '2024-05-27 03:26:33', 11),
(100, 65.28, 4814.6, 1, 43, '2024-05-28 15:14:04', '2024-05-28 15:14:04', 8),
(101, 68.62, 2719.97, 0, 895, '2024-06-08 07:34:35', '2024-06-08 07:34:35', 2),
(102, 90.81, 2753.98, 0, 79, '2024-06-07 06:46:28', '2024-06-07 06:46:28', 10),
(103, 62.48, 7015.08, 1, 954, '2024-05-30 00:45:43', '2024-05-30 00:45:43', 8),
(104, 49.50, 7411, 0, 463, '2024-06-07 05:58:03', '2024-06-07 05:58:03', 5),
(105, 92.96, 9724.82, 0, 517, '2024-05-20 22:17:44', '2024-05-20 22:17:44', 2),
(106, 30.62, 2333.01, 0, 88, '2024-05-24 08:17:13', '2024-05-24 08:17:13', 7),
(107, 82.57, 2313.75, 0, 68, '2024-06-01 23:11:19', '2024-06-01 23:11:19', 7),
(108, 27.62, 6828.28, 1, 852, '2024-05-31 22:32:16', '2024-05-31 22:32:16', 10),
(109, 58.35, 8275.65, 1, 771, '2024-05-14 18:18:10', '2024-05-14 18:18:10', 5),
(110, 20.01, 2937.55, 1, 444, '2024-05-29 16:00:50', '2024-05-29 16:00:50', 10),
(111, 62.39, 5648.19, 1, 75, '2024-05-23 08:31:20', '2024-05-23 08:31:20', 1),
(112, 16.50, 1831.29, 0, 601, '2024-05-14 01:01:22', '2024-05-14 01:01:22', 8),
(113, 55.37, 9649.13, 0, 197, '2024-05-18 14:22:17', '2024-05-18 14:22:17', 6),
(114, 43.31, 6794.69, 0, 680, '2024-05-31 04:53:09', '2024-05-31 04:53:09', 6),
(115, 15.28, 6201.09, 1, 692, '2024-06-10 06:46:20', '2024-06-10 06:46:20', 6),
(116, 95.82, 2657.92, 1, 828, '2024-05-20 06:56:13', '2024-05-20 06:56:13', 2),
(117, 6.73, 9546.73, 0, 818, '2024-05-20 05:32:08', '2024-05-20 05:32:08', 9),
(118, 16.53, 3018.08, 1, 462, '2024-05-19 08:04:55', '2024-05-19 08:04:55', 10),
(119, 22.53, 7868.8, 1, 765, '2024-06-05 00:11:46', '2024-06-05 00:11:46', 7),
(120, 38.57, 4815.47, 1, 848, '2024-05-30 08:10:37', '2024-05-30 08:10:37', 5),
(121, 45.35, 18.15, 0, 817, '2024-05-28 01:52:37', '2024-05-28 01:52:37', 4),
(122, 22.51, 2987.51, 0, 728, '2024-06-04 01:22:06', '2024-06-04 01:22:06', 11),
(123, 5.54, 3132.7, 1, 919, '2024-05-20 17:13:34', '2024-05-20 17:13:34', 4),
(124, 8.44, 6433.17, 1, 675, '2024-05-20 02:38:01', '2024-05-20 02:38:01', 8),
(125, 47.72, 2113.29, 0, 998, '2024-06-08 12:08:55', '2024-06-08 12:08:55', 8),
(126, 16.49, 5452.95, 0, 446, '2024-06-11 05:29:25', '2024-06-11 05:29:25', 3),
(127, 35.97, 2111.01, 0, 421, '2024-05-26 22:36:48', '2024-05-26 22:36:48', 5),
(128, 45.87, 5692.71, 1, 289, '2024-05-16 10:23:44', '2024-05-16 10:23:44', 10),
(129, 29.26, 2364.21, 1, 814, '2024-05-22 20:52:38', '2024-05-22 20:52:38', 1),
(130, 44.38, 3466.82, 0, 901, '2024-06-07 20:34:46', '2024-06-07 20:34:46', 5),
(131, 38.03, 4493.7, 0, 893, '2024-05-16 18:10:45', '2024-05-16 18:10:45', 11),
(132, 19.06, 6561.68, 0, 353, '2024-06-09 02:39:42', '2024-06-09 02:39:42', 1),
(133, 6.85, 6683.03, 0, 36, '2024-05-14 10:41:00', '2024-05-14 10:41:00', 5),
(134, 11.44, 9073.35, 1, 431, '2024-06-03 16:15:09', '2024-06-03 16:15:09', 7),
(135, 38.64, 6503.51, 1, 291, '2024-06-01 04:52:34', '2024-06-01 04:52:34', 2),
(136, 81.78, 7040.72, 0, 255, '2024-06-08 00:01:46', '2024-06-08 00:01:46', 11),
(137, 86.19, 5782.25, 0, 733, '2024-05-23 22:23:15', '2024-05-23 22:23:15', 9),
(138, 47.81, 3544.16, 0, 840, '2024-06-02 18:46:23', '2024-06-02 18:46:23', 11),
(139, 68.38, 5986.74, 0, 242, '2024-06-04 07:33:46', '2024-06-04 07:33:46', 6),
(140, 89.33, 2422.15, 0, 940, '2024-06-07 12:57:11', '2024-06-07 12:57:11', 2),
(141, 33.41, 2473.66, 0, 247, '2024-05-26 11:02:54', '2024-05-26 11:02:54', 4),
(142, 83.44, 583.72, 0, 201, '2024-05-25 11:26:13', '2024-05-25 11:26:13', 2),
(143, 6.98, 3408.59, 0, 192, '2024-06-10 14:50:09', '2024-06-10 14:50:09', 8),
(144, 52.43, 9934, 0, 507, '2024-06-04 23:08:48', '2024-06-04 23:08:48', 11),
(145, 39.82, 9309.29, 1, 477, '2024-05-30 10:38:15', '2024-05-30 10:38:15', 8),
(146, 42.83, 9456.19, 1, 907, '2024-05-28 02:50:34', '2024-05-28 02:50:34', 8),
(147, 63.51, 9642.15, 1, 234, '2024-05-17 13:52:44', '2024-05-17 13:52:44', 3),
(148, 38.36, 5974.84, 0, 232, '2024-06-01 00:57:56', '2024-06-01 00:57:56', 3),
(149, 47.83, 3107.21, 0, 686, '2024-05-22 01:03:30', '2024-05-22 01:03:30', 6),
(150, 44.27, 9461.47, 0, 503, '2024-06-02 03:56:51', '2024-06-02 03:56:51', 11),
(151, 40.42, 1460.23, 0, 178, '2024-05-26 22:34:23', '2024-05-26 22:34:23', 3),
(152, 15.95, 6911.71, 1, 730, '2024-05-31 06:03:04', '2024-05-31 06:03:04', 7),
(153, 3.71, 1734.73, 1, 456, '2024-06-05 04:59:15', '2024-06-05 04:59:15', 11),
(154, 40.72, 6858.47, 1, 154, '2024-05-28 23:57:05', '2024-05-28 23:57:05', 8),
(155, 73.45, 7391.63, 1, 674, '2024-05-19 09:41:24', '2024-05-19 09:41:24', 6),
(156, 94.13, 3638.57, 0, 971, '2024-06-03 17:58:39', '2024-06-03 17:58:39', 5),
(157, 80.85, 5668.53, 0, 359, '2024-05-25 13:46:06', '2024-05-25 13:46:06', 11),
(158, 17.31, 8868.66, 1, 907, '2024-06-04 10:17:57', '2024-06-04 10:17:57', 7),
(159, 21.14, 8436.54, 0, 745, '2024-05-22 06:10:46', '2024-05-22 06:10:46', 11),
(160, 88.78, 3349.63, 0, 376, '2024-05-14 03:53:02', '2024-05-14 03:53:02', 3),
(161, 46.41, 6267.83, 0, 429, '2024-05-31 21:50:02', '2024-05-31 21:50:02', 8),
(162, 60.86, 8933.19, 1, 507, '2024-06-11 05:00:17', '2024-06-11 05:00:17', 10),
(163, 85.69, 3845.52, 1, 970, '2024-06-10 15:18:07', '2024-06-10 15:18:07', 11),
(164, 0.98, 8778.54, 1, 269, '2024-05-21 08:55:02', '2024-05-21 08:55:02', 6),
(165, 3.01, 3234.07, 0, 893, '2024-05-23 07:04:47', '2024-05-23 07:04:47', 9),
(166, 95.86, 1209.94, 1, 18, '2024-06-01 19:54:02', '2024-06-01 19:54:02', 9),
(167, 22.39, 4443.49, 0, 374, '2024-05-22 20:06:09', '2024-05-22 20:06:09', 4),
(168, 6.35, 3855.61, 0, 278, '2024-06-05 05:47:25', '2024-06-05 05:47:25', 2),
(169, 33.42, 6522.32, 0, 494, '2024-06-01 18:06:28', '2024-06-01 18:06:28', 4),
(170, 70.25, 1563.57, 1, 345, '2024-05-19 08:09:51', '2024-05-19 08:09:51', 7),
(171, 21.99, 9586.21, 1, 860, '2024-05-22 13:45:05', '2024-05-22 13:45:05', 9),
(172, 98.74, 4523.15, 0, 91, '2024-06-07 15:46:00', '2024-06-07 15:46:00', 3),
(173, 3.91, 5052.77, 1, 332, '2024-05-22 12:33:02', '2024-05-22 12:33:02', 3),
(174, 95.76, 3735.85, 1, 953, '2024-05-18 06:28:30', '2024-05-18 06:28:30', 9),
(175, 68.89, 8666.47, 0, 868, '2024-06-09 01:22:42', '2024-06-09 01:22:42', 8),
(176, 23.13, 2082.93, 1, 473, '2024-06-12 07:55:49', '2024-06-12 07:55:49', 5),
(177, 10.94, 3990.66, 1, 323, '2024-05-30 15:40:06', '2024-05-30 15:40:06', 9),
(178, 50.38, 4981, 1, 277, '2024-05-28 10:16:31', '2024-05-28 10:16:31', 8),
(179, 96.51, 5624.13, 1, 840, '2024-05-29 15:26:00', '2024-05-29 15:26:00', 9),
(180, 39.46, 420.36, 1, 701, '2024-06-11 03:19:46', '2024-06-11 03:19:46', 2),
(181, 70.56, 6702.39, 1, 153, '2024-06-04 21:00:51', '2024-06-04 21:00:51', 2),
(182, 7.21, 9801.05, 1, 321, '2024-05-14 15:03:55', '2024-05-14 15:03:55', 8),
(183, 85.14, 7705.99, 1, 525, '2024-05-22 11:02:07', '2024-05-22 11:02:07', 9),
(184, 42.69, 1591.16, 1, 870, '2024-05-26 09:32:12', '2024-05-26 09:32:12', 9),
(185, 91.21, 1611.67, 0, 756, '2024-05-14 09:03:26', '2024-05-14 09:03:26', 4),
(186, 35.54, 7160.36, 1, 133, '2024-06-05 22:35:34', '2024-06-05 22:35:34', 10),
(187, 57.36, 6322.15, 0, 3, '2024-05-24 20:34:04', '2024-05-24 20:34:04', 9),
(188, 54.50, 7427.45, 1, 488, '2024-05-16 01:05:05', '2024-05-16 01:05:05', 10),
(189, 47.87, 7390.79, 1, 494, '2024-05-30 02:37:46', '2024-05-30 02:37:46', 8),
(190, 66.79, 2416.15, 1, 359, '2024-05-27 10:05:05', '2024-05-27 10:05:05', 3),
(191, 85.15, 3573.06, 0, 284, '2024-06-08 18:10:13', '2024-06-08 18:10:13', 6),
(192, 33.79, 2706.48, 0, 427, '2024-05-31 04:50:01', '2024-05-31 04:50:01', 5),
(193, 7.73, 9722.18, 1, 275, '2024-06-07 17:05:49', '2024-06-07 17:05:49', 3),
(194, 47.04, 7147.36, 0, 580, '2024-05-24 01:48:25', '2024-05-24 01:48:25', 1),
(195, 66.31, 7905.66, 0, 610, '2024-05-25 05:59:52', '2024-05-25 05:59:52', 10),
(196, 11.18, 36.97, 1, 92, '2024-05-22 02:26:20', '2024-05-22 02:26:20', 5),
(197, 0.35, 294.41, 0, 443, '2024-05-17 06:23:23', '2024-05-17 06:23:23', 11),
(198, 14.16, 980.94, 0, 629, '2024-06-10 05:43:56', '2024-06-10 05:43:56', 9),
(199, 32.96, 5588.15, 0, 89, '2024-06-11 04:25:06', '2024-06-11 04:25:06', 8),
(200, 43.39, 7746.77, 1, 336, '2024-05-22 14:05:53', '2024-05-22 14:05:53', 9),
(201, 68.94, 7999.73, 1, 347, '2024-05-21 05:19:27', '2024-05-21 05:19:27', 5),
(202, 49.53, 3330.8, 0, 678, '2024-05-15 06:15:46', '2024-05-15 06:15:46', 2),
(203, 30.35, 7818.94, 1, 399, '2024-06-11 20:42:40', '2024-06-11 20:42:40', 4),
(204, 78.57, 2246.77, 1, 462, '2024-06-11 23:47:25', '2024-06-11 23:47:25', 11),
(205, 56.94, 7799.36, 0, 801, '2024-05-14 11:37:52', '2024-05-14 11:37:52', 4),
(206, 33.57, 3812.4, 0, 195, '2024-05-23 04:41:12', '2024-05-23 04:41:12', 7),
(207, 22.44, 2041.06, 1, 856, '2024-06-03 21:46:44', '2024-06-03 21:46:44', 2),
(208, 30.53, 6353.38, 0, 352, '2024-05-28 22:30:22', '2024-05-28 22:30:22', 9),
(209, 1.50, 7448.47, 1, 238, '2024-06-01 03:37:02', '2024-06-01 03:37:02', 10),
(210, 77.27, 1231.71, 0, 350, '2024-05-22 07:17:42', '2024-05-22 07:17:42', 2),
(211, 68.58, 1359.71, 1, 709, '2024-06-04 14:13:03', '2024-06-04 14:13:03', 5),
(212, 16.98, 8658.94, 0, 173, '2024-06-11 16:30:39', '2024-06-11 16:30:39', 2),
(213, 24.83, 3379.25, 1, 200, '2024-06-11 05:05:29', '2024-06-11 05:05:29', 5),
(214, 50.37, 5647.01, 0, 1, '2024-06-05 06:52:25', '2024-06-05 06:52:25', 3),
(215, 43.79, 2086.18, 0, 955, '2024-06-05 22:07:51', '2024-06-05 22:07:51', 4),
(216, 99.68, 5253.31, 0, 950, '2024-05-31 19:07:48', '2024-05-31 19:07:48', 7),
(217, 58.33, 5068.89, 1, 620, '2024-05-15 22:56:28', '2024-05-15 22:56:28', 3),
(218, 66.30, 8047.4, 1, 104, '2024-05-30 07:43:45', '2024-05-30 07:43:45', 11),
(219, 36.93, 8798.44, 0, 215, '2024-05-31 16:13:48', '2024-05-31 16:13:48', 10),
(220, 86.30, 5059.08, 1, 923, '2024-05-15 19:08:01', '2024-05-15 19:08:01', 4),
(221, 89.60, 9554.6, 1, 797, '2024-05-14 14:19:59', '2024-05-14 14:19:59', 6),
(222, 2.15, 9588.04, 0, 701, '2024-06-07 21:11:23', '2024-06-07 21:11:23', 7),
(223, 41.74, 3362.57, 0, 652, '2024-05-19 18:39:58', '2024-05-19 18:39:58', 3),
(224, 7.59, 9824.86, 0, 378, '2024-05-26 13:48:18', '2024-05-26 13:48:18', 1),
(225, 90.30, 663.64, 0, 977, '2024-05-25 20:20:41', '2024-05-25 20:20:41', 11),
(226, 90.36, 3695.26, 1, 500, '2024-05-30 19:33:34', '2024-05-30 19:33:34', 5),
(227, 6.47, 1091.55, 0, 660, '2024-06-05 12:13:19', '2024-06-05 12:13:19', 4),
(228, 70.96, 5363.13, 0, 261, '2024-06-05 18:56:47', '2024-06-05 18:56:47', 2),
(229, 84.39, 5567, 0, 262, '2024-06-05 00:19:28', '2024-06-05 00:19:28', 8),
(230, 45.40, 1576.4, 0, 178, '2024-05-16 11:41:59', '2024-05-16 11:41:59', 9),
(231, 42.12, 5036.83, 0, 492, '2024-06-02 05:18:02', '2024-06-02 05:18:02', 7),
(232, 56.76, 8568.14, 0, 936, '2024-05-16 17:53:04', '2024-05-16 17:53:04', 11),
(233, 92.34, 6671.26, 1, 498, '2024-05-22 05:53:59', '2024-05-22 05:53:59', 7),
(234, 27.88, 793.1, 1, 927, '2024-06-08 21:42:54', '2024-06-08 21:42:54', 5),
(235, 40.95, 6391.68, 1, 443, '2024-06-10 22:56:42', '2024-06-10 22:56:42', 4),
(236, 4.24, 9241.18, 0, 166, '2024-06-04 03:45:09', '2024-06-04 03:45:09', 8),
(237, 33.58, 9608.24, 0, 808, '2024-05-25 04:33:04', '2024-05-25 04:33:04', 3),
(238, 60.73, 9319.56, 0, 746, '2024-06-10 08:31:47', '2024-06-10 08:31:47', 7),
(239, 98.91, 5666.77, 0, 309, '2024-05-16 16:44:10', '2024-05-16 16:44:10', 4),
(240, 63.35, 9020.26, 1, 56, '2024-05-26 05:21:21', '2024-05-26 05:21:21', 10),
(241, 57.01, 6412.4, 1, 225, '2024-05-28 12:13:30', '2024-05-28 12:13:30', 8),
(242, 96.80, 8253.03, 1, 957, '2024-06-06 02:58:56', '2024-06-06 02:58:56', 3),
(243, 72.02, 9209.83, 0, 917, '2024-06-05 10:23:05', '2024-06-05 10:23:05', 2),
(244, 28.31, 9754.46, 0, 847, '2024-06-05 11:19:06', '2024-06-05 11:19:06', 2),
(245, 28.51, 3559.08, 0, 128, '2024-06-06 02:52:39', '2024-06-06 02:52:39', 11),
(246, 6.84, 4122.92, 0, 59, '2024-05-28 14:02:30', '2024-05-28 14:02:30', 8),
(247, 69.93, 8595.25, 0, 473, '2024-05-28 06:45:46', '2024-05-28 06:45:46', 1),
(248, 10.09, 7380.54, 0, 386, '2024-06-04 07:46:06', '2024-06-04 07:46:06', 11),
(249, 31.61, 2581.73, 0, 438, '2024-05-28 06:26:34', '2024-05-28 06:26:34', 4),
(250, 74.58, 6144.91, 1, 494, '2024-05-15 02:47:07', '2024-05-15 02:47:07', 9),
(251, 41.30, 1030.4, 1, 938, '2024-05-28 10:08:44', '2024-05-28 10:08:44', 6),
(252, 90.30, 3472.99, 1, 409, '2024-05-14 14:34:05', '2024-05-14 14:34:05', 7),
(253, 21.04, 285.5, 0, 628, '2024-05-25 20:09:13', '2024-05-25 20:09:13', 4),
(254, 91.53, 2483.23, 0, 643, '2024-05-23 05:19:09', '2024-05-23 05:19:09', 10),
(255, 77.75, 1210.56, 1, 573, '2024-05-30 10:07:43', '2024-05-30 10:07:43', 11),
(256, 98.89, 8224, 0, 351, '2024-05-14 03:56:56', '2024-05-14 03:56:56', 1),
(257, 29.02, 6692.4, 0, 36, '2024-05-15 00:53:45', '2024-05-15 00:53:45', 5),
(258, 86.45, 4797.69, 1, 744, '2024-06-03 23:48:35', '2024-06-03 23:48:35', 8),
(259, 2.66, 4466.86, 0, 753, '2024-05-16 09:31:19', '2024-05-16 09:31:19', 8),
(260, 14.11, 5998.19, 0, 217, '2024-06-09 03:50:08', '2024-06-09 03:50:08', 5),
(261, 91.10, 6048.34, 0, 439, '2024-06-11 08:44:33', '2024-06-11 08:44:33', 10),
(262, 82.29, 5653.69, 1, 250, '2024-05-17 10:03:32', '2024-05-17 10:03:32', 11),
(263, 78.97, 9669.45, 1, 850, '2024-06-04 12:34:00', '2024-06-04 12:34:00', 4),
(264, 69.51, 3265.91, 0, 327, '2024-05-22 04:23:29', '2024-05-22 04:23:29', 3),
(265, 4.74, 5647.15, 0, 370, '2024-06-02 23:37:12', '2024-06-02 23:37:12', 1),
(266, 17.90, 8923.88, 0, 749, '2024-05-20 21:36:51', '2024-05-20 21:36:51', 10),
(267, 12.71, 3281.44, 1, 843, '2024-06-03 09:05:12', '2024-06-03 09:05:12', 7),
(268, 37.73, 4515.11, 1, 320, '2024-05-31 12:51:00', '2024-05-31 12:51:00', 10),
(269, 49.54, 6040.89, 0, 150, '2024-05-20 18:52:02', '2024-05-20 18:52:02', 1),
(270, 54.54, 3104.83, 0, 105, '2024-05-15 23:41:47', '2024-05-15 23:41:47', 5),
(271, 90.96, 480.32, 0, 133, '2024-05-25 06:14:17', '2024-05-25 06:14:17', 1),
(272, 70.97, 2975.56, 1, 406, '2024-05-30 07:20:35', '2024-05-30 07:20:35', 1),
(273, 43.55, 3875.33, 1, 607, '2024-05-28 05:49:39', '2024-05-28 05:49:39', 10),
(274, 90.29, 7944.83, 1, 451, '2024-05-31 07:05:08', '2024-05-31 07:05:08', 4),
(275, 31.21, 1114.47, 1, 378, '2024-05-16 21:17:00', '2024-05-16 21:17:00', 4),
(276, 41.87, 6800.59, 1, 654, '2024-06-05 10:25:29', '2024-06-05 10:25:29', 2),
(277, 36.38, 7659.51, 0, 841, '2024-06-04 04:44:11', '2024-06-04 04:44:11', 8),
(278, 32.78, 2038.71, 0, 487, '2024-06-04 09:41:46', '2024-06-04 09:41:46', 1),
(279, 63.94, 4591.18, 1, 877, '2024-05-16 07:09:50', '2024-05-16 07:09:50', 4),
(280, 66.71, 1305.37, 0, 725, '2024-06-12 18:01:34', '2024-06-12 18:01:34', 7),
(281, 25.28, 9398.47, 0, 81, '2024-06-10 22:00:13', '2024-06-10 22:00:13', 4),
(282, 60.93, 9622.76, 1, 65, '2024-05-31 13:08:51', '2024-05-31 13:08:51', 2),
(283, 31.86, 4834.52, 0, 372, '2024-05-18 05:35:19', '2024-05-18 05:35:19', 10),
(284, 0.54, 2391.77, 1, 562, '2024-05-19 03:12:28', '2024-05-19 03:12:28', 1),
(285, 15.49, 6725.55, 0, 303, '2024-05-18 09:04:03', '2024-05-18 09:04:03', 2),
(286, 72.66, 8899.82, 0, 397, '2024-05-25 16:15:29', '2024-05-25 16:15:29', 7),
(287, 56.00, 743.52, 1, 473, '2024-05-25 23:03:21', '2024-05-25 23:03:21', 3),
(288, 48.14, 1804.91, 1, 652, '2024-06-03 07:12:08', '2024-06-03 07:12:08', 2),
(289, 74.01, 4345.44, 1, 928, '2024-05-27 13:56:56', '2024-05-27 13:56:56', 4),
(290, 28.52, 9441.05, 0, 228, '2024-06-06 17:53:24', '2024-06-06 17:53:24', 3),
(291, 71.71, 6218.89, 1, 862, '2024-05-25 11:25:15', '2024-05-25 11:25:15', 9),
(292, 36.45, 663.27, 1, 702, '2024-05-30 00:40:24', '2024-05-30 00:40:24', 6),
(293, 49.65, 3517.12, 0, 988, '2024-05-24 05:20:07', '2024-05-24 05:20:07', 2),
(294, 52.07, 3042.3, 0, 210, '2024-05-28 00:00:16', '2024-05-28 00:00:16', 1),
(295, 15.45, 376.15, 1, 243, '2024-05-27 18:45:57', '2024-05-27 18:45:57', 1),
(296, 77.13, 1795.68, 1, 442, '2024-05-13 22:10:23', '2024-05-13 22:10:23', 8),
(297, 74.27, 7205.31, 0, 352, '2024-06-09 07:02:13', '2024-06-09 07:02:13', 3),
(298, 18.29, 6158.91, 1, 905, '2024-06-09 05:26:38', '2024-06-09 05:26:38', 5),
(299, 93.97, 2044.24, 0, 68, '2024-05-19 11:54:27', '2024-05-19 11:54:27', 2),
(300, 27.77, 2636.26, 1, 637, '2024-05-19 02:22:05', '2024-05-19 02:22:05', 7),
(301, 28.91, 2993.96, 0, 274, '2024-05-15 11:12:23', '2024-05-15 11:12:23', 8),
(302, 33.71, 1254.59, 0, 477, '2024-05-28 20:50:25', '2024-05-28 20:50:25', 4),
(303, 82.52, 313.97, 0, 534, '2024-06-10 08:26:46', '2024-06-10 08:26:46', 10),
(304, 63.43, 3713.92, 0, 844, '2024-05-14 19:54:18', '2024-05-14 19:54:18', 7),
(305, 61.44, 3315.72, 1, 898, '2024-06-02 10:55:21', '2024-06-02 10:55:21', 10),
(306, 73.30, 4787.65, 1, 514, '2024-05-26 11:10:04', '2024-05-26 11:10:04', 1),
(307, 90.96, 5386.1, 0, 58, '2024-06-10 22:28:49', '2024-06-10 22:28:49', 5),
(308, 50.10, 4044.41, 1, 240, '2024-05-23 21:54:30', '2024-05-23 21:54:30', 9),
(309, 74.15, 5517.57, 1, 397, '2024-06-01 15:20:02', '2024-06-01 15:20:02', 8),
(310, 75.98, 3545.17, 1, 779, '2024-05-21 08:36:55', '2024-05-21 08:36:55', 7),
(311, 65.03, 8288.65, 0, 592, '2024-05-25 14:27:39', '2024-05-25 14:27:39', 2),
(312, 50.98, 862.15, 0, 170, '2024-05-26 06:53:17', '2024-05-26 06:53:17', 9),
(313, 75.76, 1394.68, 1, 969, '2024-06-10 11:11:58', '2024-06-10 11:11:58', 6),
(314, 58.16, 2471.82, 0, 820, '2024-05-21 07:26:48', '2024-05-21 07:26:48', 10),
(315, 91.16, 2181.35, 0, 231, '2024-05-28 04:41:20', '2024-05-28 04:41:20', 3),
(316, 11.64, 7289.93, 1, 343, '2024-05-23 03:29:42', '2024-05-23 03:29:42', 5),
(317, 28.89, 134.02, 0, 702, '2024-06-07 22:57:15', '2024-06-07 22:57:15', 11),
(318, 74.06, 6238.51, 0, 495, '2024-06-11 02:57:49', '2024-06-11 02:57:49', 7),
(319, 16.09, 7607.04, 0, 581, '2024-06-03 00:48:58', '2024-06-03 00:48:58', 3),
(320, 17.47, 9489.18, 1, 340, '2024-06-04 00:57:25', '2024-06-04 00:57:25', 6),
(321, 7.84, 7929.52, 0, 721, '2024-06-03 16:39:16', '2024-06-03 16:39:16', 7),
(322, 54.82, 2114.12, 1, 742, '2024-06-05 07:24:42', '2024-06-05 07:24:42', 10),
(323, 50.73, 4300.13, 0, 715, '2024-06-04 19:14:35', '2024-06-04 19:14:35', 7),
(324, 76.17, 4519.73, 0, 343, '2024-06-03 06:18:21', '2024-06-03 06:18:21', 7),
(325, 6.06, 7440.33, 1, 997, '2024-05-29 12:08:47', '2024-05-29 12:08:47', 9),
(326, 99.75, 6239.45, 1, 876, '2024-05-30 22:22:47', '2024-05-30 22:22:47', 3),
(327, 15.37, 1739.91, 1, 264, '2024-05-19 05:59:40', '2024-05-19 05:59:40', 1),
(328, 71.65, 7885.68, 1, 144, '2024-05-20 10:29:31', '2024-05-20 10:29:31', 5),
(329, 78.95, 3541.88, 1, 234, '2024-05-19 14:13:06', '2024-05-19 14:13:06', 4),
(330, 83.39, 8593.41, 1, 839, '2024-05-22 03:21:57', '2024-05-22 03:21:57', 9),
(331, 15.78, 7628.2, 1, 811, '2024-06-11 03:23:33', '2024-06-11 03:23:33', 5),
(332, 13.58, 5942.73, 0, 465, '2024-05-26 19:29:58', '2024-05-26 19:29:58', 4),
(333, 71.02, 5826.09, 0, 976, '2024-05-30 13:03:27', '2024-05-30 13:03:27', 3),
(334, 38.67, 2579.5, 1, 328, '2024-05-27 23:38:43', '2024-05-27 23:38:43', 11),
(335, 2.23, 1119.03, 1, 43, '2024-05-24 14:22:02', '2024-05-24 14:22:02', 7),
(336, 84.96, 4092.69, 1, 629, '2024-05-17 10:32:49', '2024-05-17 10:32:49', 9),
(337, 84.44, 836.15, 0, 687, '2024-05-23 17:16:55', '2024-05-23 17:16:55', 4),
(338, 91.94, 6738.69, 1, 678, '2024-05-24 16:41:41', '2024-05-24 16:41:41', 4),
(339, 91.11, 3292.64, 1, 525, '2024-06-09 11:47:44', '2024-06-09 11:47:44', 7),
(340, 30.36, 3583.89, 1, 878, '2024-05-25 04:53:07', '2024-05-25 04:53:07', 10),
(341, 47.09, 6619.31, 1, 110, '2024-06-06 01:21:29', '2024-06-06 01:21:29', 8),
(342, 40.38, 8998.83, 1, 316, '2024-06-08 18:32:20', '2024-06-08 18:32:20', 9),
(343, 99.93, 4271.36, 0, 944, '2024-05-25 13:48:45', '2024-05-25 13:48:45', 11),
(344, 32.98, 847.48, 0, 757, '2024-05-14 17:46:15', '2024-05-14 17:46:15', 11),
(345, 34.90, 8811.99, 1, 755, '2024-05-28 17:01:55', '2024-05-28 17:01:55', 1),
(346, 58.61, 2283.81, 0, 659, '2024-05-27 17:07:17', '2024-05-27 17:07:17', 2),
(347, 11.65, 715.48, 0, 446, '2024-06-11 08:04:53', '2024-06-11 08:04:53', 5),
(348, 92.24, 7372.15, 1, 621, '2024-06-10 21:30:38', '2024-06-10 21:30:38', 2),
(349, 80.67, 6983.01, 1, 209, '2024-06-01 14:10:14', '2024-06-01 14:10:14', 11),
(350, 98.11, 2181.66, 1, 689, '2024-06-12 19:20:54', '2024-06-12 19:20:54', 5),
(351, 41.58, 4558.6, 0, 313, '2024-05-19 23:53:17', '2024-05-19 23:53:17', 4),
(352, 91.32, 6016.07, 1, 286, '2024-05-28 17:03:25', '2024-05-28 17:03:25', 10),
(353, 91.47, 3439.08, 1, 422, '2024-06-08 12:41:52', '2024-06-08 12:41:52', 7),
(354, 49.17, 8630.45, 1, 20, '2024-06-07 10:23:37', '2024-06-07 10:23:37', 2),
(355, 14.99, 3637.89, 0, 878, '2024-06-11 07:28:44', '2024-06-11 07:28:44', 1),
(356, 19.79, 7535.73, 1, 586, '2024-06-10 15:07:15', '2024-06-10 15:07:15', 5),
(357, 39.07, 4112.61, 1, 402, '2024-05-31 21:12:41', '2024-05-31 21:12:41', 11),
(358, 57.51, 9786.73, 1, 673, '2024-06-12 14:54:15', '2024-06-12 14:54:15', 7),
(359, 88.85, 6259.55, 0, 952, '2024-05-16 05:12:58', '2024-05-16 05:12:58', 10),
(360, 58.44, 7894.48, 1, 363, '2024-05-15 08:02:01', '2024-05-15 08:02:01', 8),
(361, 16.90, 1671.32, 1, 931, '2024-06-07 05:38:41', '2024-06-07 05:38:41', 7),
(362, 78.34, 1409.91, 0, 136, '2024-06-11 03:35:10', '2024-06-11 03:35:10', 3),
(363, 85.18, 3908.38, 0, 346, '2024-05-29 19:16:07', '2024-05-29 19:16:07', 7),
(364, 94.96, 289.91, 1, 447, '2024-05-23 07:58:52', '2024-05-23 07:58:52', 1),
(365, 36.09, 8997.3, 0, 214, '2024-05-26 06:25:33', '2024-05-26 06:25:33', 10),
(366, 60.47, 4157.88, 0, 885, '2024-05-18 09:16:39', '2024-05-18 09:16:39', 1),
(367, 81.07, 4815.62, 1, 280, '2024-05-15 18:55:29', '2024-05-15 18:55:29', 11),
(368, 17.98, 6061.3, 0, 119, '2024-05-15 04:49:35', '2024-05-15 04:49:35', 4),
(369, 23.61, 9135.33, 1, 443, '2024-06-07 22:48:37', '2024-06-07 22:48:37', 6),
(370, 13.58, 4674.14, 0, 976, '2024-06-04 18:11:58', '2024-06-04 18:11:58', 6),
(371, 50.19, 119.44, 0, 60, '2024-05-17 06:20:17', '2024-05-17 06:20:17', 1),
(372, 50.71, 4074.26, 0, 165, '2024-05-16 05:02:06', '2024-05-16 05:02:06', 4),
(373, 82.41, 3858.98, 0, 587, '2024-06-07 09:55:24', '2024-06-07 09:55:24', 2),
(374, 28.36, 139.13, 1, 150, '2024-06-02 00:44:08', '2024-06-02 00:44:08', 11),
(375, 50.05, 4343.86, 1, 346, '2024-06-07 23:06:03', '2024-06-07 23:06:03', 4),
(376, 82.00, 439, 0, 833, '2024-05-14 14:51:41', '2024-05-14 14:51:41', 8),
(377, 26.31, 9032.08, 1, 208, '2024-05-26 04:59:37', '2024-05-26 04:59:37', 10),
(378, 54.38, 7152.86, 0, 199, '2024-05-17 13:52:14', '2024-05-17 13:52:14', 7),
(379, 95.78, 5422.23, 0, 395, '2024-05-17 02:43:13', '2024-05-17 02:43:13', 9),
(380, 87.90, 4829.24, 0, 815, '2024-05-28 06:33:52', '2024-05-28 06:33:52', 9),
(381, 82.71, 7206.07, 0, 673, '2024-05-18 08:06:39', '2024-05-18 08:06:39', 10),
(382, 60.53, 3492.42, 0, 789, '2024-05-24 03:48:44', '2024-05-24 03:48:44', 7),
(383, 6.23, 5558.73, 1, 632, '2024-06-08 05:53:54', '2024-06-08 05:53:54', 8),
(384, 48.12, 7448.13, 0, 859, '2024-05-24 13:20:12', '2024-05-24 13:20:12', 10),
(385, 88.77, 3096.17, 0, 274, '2024-05-26 22:45:36', '2024-05-26 22:45:36', 11),
(386, 73.43, 590.59, 1, 196, '2024-06-09 10:59:09', '2024-06-09 10:59:09', 3),
(387, 30.69, 3476.33, 0, 600, '2024-05-21 18:56:42', '2024-05-21 18:56:42', 1),
(388, 12.21, 5098.96, 1, 917, '2024-05-28 18:03:00', '2024-05-28 18:03:00', 5),
(389, 44.78, 5052.85, 0, 446, '2024-06-04 17:26:41', '2024-06-04 17:26:41', 11),
(390, 5.18, 2751.92, 0, 465, '2024-06-06 10:03:04', '2024-06-06 10:03:04', 10),
(391, 82.65, 4709.35, 0, 93, '2024-06-06 15:57:05', '2024-06-06 15:57:05', 4),
(392, 48.21, 6730.74, 1, 597, '2024-05-31 02:24:40', '2024-05-31 02:24:40', 7),
(393, 82.64, 9915.16, 0, 497, '2024-05-30 14:56:04', '2024-05-30 14:56:04', 3),
(394, 73.45, 5812.82, 1, 668, '2024-06-02 07:18:32', '2024-06-02 07:18:32', 5),
(395, 10.08, 2354.19, 1, 1, '2024-06-01 00:24:21', '2024-06-01 00:24:21', 8),
(396, 58.11, 9398.1, 0, 207, '2024-05-23 04:20:47', '2024-05-23 04:20:47', 7),
(397, 42.63, 8966.9, 1, 301, '2024-05-31 17:32:04', '2024-05-31 17:32:04', 1),
(398, 64.93, 4259.93, 1, 715, '2024-05-22 11:50:29', '2024-05-22 11:50:29', 8),
(399, 34.21, 4964.77, 0, 613, '2024-05-30 02:03:02', '2024-05-30 02:03:02', 7),
(400, 94.88, 5665.63, 0, 343, '2024-05-21 08:15:37', '2024-05-21 08:15:37', 6),
(401, 5.04, 6516.54, 0, 730, '2024-05-20 17:40:53', '2024-05-20 17:40:53', 2),
(402, 51.02, 5360.57, 1, 343, '2024-05-27 03:13:30', '2024-05-27 03:13:30', 6),
(403, 14.72, 4319.77, 0, 202, '2024-05-31 02:32:31', '2024-05-31 02:32:31', 5),
(404, 5.80, 6348.5, 0, 874, '2024-05-22 05:19:30', '2024-05-22 05:19:30', 1),
(405, 45.78, 9755.76, 1, 956, '2024-05-28 15:54:10', '2024-05-28 15:54:10', 5),
(406, 56.95, 3740.24, 0, 282, '2024-05-26 06:51:00', '2024-05-26 06:51:00', 2),
(407, 67.67, 9929.78, 1, 694, '2024-05-27 05:22:09', '2024-05-27 05:22:09', 6),
(408, 63.52, 5213.68, 1, 212, '2024-05-29 23:03:55', '2024-05-29 23:03:55', 9),
(409, 57.23, 8501.27, 0, 662, '2024-05-19 21:14:18', '2024-05-19 21:14:18', 8),
(410, 64.60, 9759.39, 1, 894, '2024-06-10 20:35:35', '2024-06-10 20:35:35', 3),
(411, 80.76, 4355.95, 0, 796, '2024-06-01 05:19:17', '2024-06-01 05:19:17', 6),
(412, 66.24, 5626.4, 0, 85, '2024-05-22 14:00:09', '2024-05-22 14:00:09', 2),
(413, 40.59, 5747, 0, 575, '2024-05-19 15:33:10', '2024-05-19 15:33:10', 2),
(414, 98.05, 2402.05, 0, 495, '2024-05-22 00:18:42', '2024-05-22 00:18:42', 8),
(415, 19.74, 4349.1, 1, 163, '2024-06-12 08:24:09', '2024-06-12 08:24:09', 5),
(416, 28.53, 2504.88, 0, 654, '2024-06-04 16:26:10', '2024-06-04 16:26:10', 10),
(417, 43.12, 7834.06, 1, 294, '2024-06-02 09:38:07', '2024-06-02 09:38:07', 9),
(418, 59.44, 6313.18, 1, 514, '2024-05-29 22:16:55', '2024-05-29 22:16:55', 2),
(419, 25.13, 5211.24, 1, 489, '2024-06-01 03:42:38', '2024-06-01 03:42:38', 7),
(420, 41.24, 1761.02, 0, 631, '2024-05-18 21:40:02', '2024-05-18 21:40:02', 11),
(421, 50.01, 3604.25, 1, 626, '2024-05-19 11:30:16', '2024-05-19 11:30:16', 2),
(422, 72.20, 504.65, 0, 151, '2024-05-25 17:12:42', '2024-05-25 17:12:42', 5),
(423, 51.32, 9038.64, 0, 142, '2024-06-01 08:12:46', '2024-06-01 08:12:46', 6),
(424, 19.10, 2331.73, 1, 9, '2024-05-18 09:30:46', '2024-05-18 09:30:46', 8),
(425, 52.65, 1015.61, 1, 351, '2024-05-28 03:55:06', '2024-05-28 03:55:06', 4),
(426, 1.70, 899.43, 0, 766, '2024-05-29 01:47:52', '2024-05-29 01:47:52', 5),
(427, 15.01, 9656.98, 1, 777, '2024-05-18 13:00:08', '2024-05-18 13:00:08', 9),
(428, 56.15, 1839.25, 0, 869, '2024-05-18 19:58:35', '2024-05-18 19:58:35', 1),
(429, 27.24, 4698.95, 1, 943, '2024-05-15 00:50:42', '2024-05-15 00:50:42', 7),
(430, 43.88, 7276.56, 0, 478, '2024-06-11 08:21:15', '2024-06-11 08:21:15', 2),
(431, 18.40, 5253.06, 0, 512, '2024-06-05 01:26:23', '2024-06-05 01:26:23', 2),
(432, 26.74, 3814.33, 1, 172, '2024-06-01 13:41:24', '2024-06-01 13:41:24', 3),
(433, 57.74, 2635.94, 1, 284, '2024-05-20 02:02:36', '2024-05-20 02:02:36', 8),
(434, 71.29, 7453.43, 1, 845, '2024-06-11 01:07:58', '2024-06-11 01:07:58', 5),
(435, 46.83, 6922.43, 0, 87, '2024-06-01 14:49:01', '2024-06-01 14:49:01', 9),
(436, 25.60, 6162.88, 1, 602, '2024-06-06 13:30:45', '2024-06-06 13:30:45', 11),
(437, 20.67, 1714.46, 1, 299, '2024-05-16 20:13:00', '2024-05-16 20:13:00', 8),
(438, 60.33, 2707.79, 0, 254, '2024-06-03 12:31:25', '2024-06-03 12:31:25', 3),
(439, 70.75, 6864.46, 1, 968, '2024-06-07 19:55:00', '2024-06-07 19:55:00', 10),
(440, 53.31, 3421.65, 1, 429, '2024-05-21 00:21:26', '2024-05-21 00:21:26', 11),
(441, 76.73, 2902.89, 0, 89, '2024-05-30 00:47:47', '2024-05-30 00:47:47', 2),
(442, 58.97, 7141.08, 0, 652, '2024-06-12 17:02:57', '2024-06-12 17:02:57', 7),
(443, 79.55, 6047.25, 0, 608, '2024-05-25 20:34:15', '2024-05-25 20:34:15', 9),
(444, 32.29, 8121.9, 1, 95, '2024-05-15 08:54:09', '2024-05-15 08:54:09', 2),
(445, 84.16, 5918.98, 1, 832, '2024-06-01 22:48:14', '2024-06-01 22:48:14', 6),
(446, 40.31, 6127.03, 1, 930, '2024-05-16 17:52:54', '2024-05-16 17:52:54', 7),
(447, 51.39, 1742.92, 1, 678, '2024-05-21 06:53:42', '2024-05-21 06:53:42', 6),
(448, 29.71, 5127.5, 1, 261, '2024-05-25 04:51:43', '2024-05-25 04:51:43', 7),
(449, 44.83, 6372.88, 0, 315, '2024-06-03 01:07:46', '2024-06-03 01:07:46', 8),
(450, 48.18, 8450.09, 0, 728, '2024-05-15 10:26:03', '2024-05-15 10:26:03', 11),
(451, 16.88, 7544.28, 1, 611, '2024-05-19 04:03:59', '2024-05-19 04:03:59', 6),
(452, 5.36, 5273.11, 1, 557, '2024-05-24 10:08:37', '2024-05-24 10:08:37', 2),
(453, 33.57, 2844.69, 0, 499, '2024-06-02 08:57:13', '2024-06-02 08:57:13', 11),
(454, 75.28, 8733.27, 0, 712, '2024-06-08 20:01:57', '2024-06-08 20:01:57', 10),
(455, 12.10, 4363.56, 0, 672, '2024-05-19 01:49:07', '2024-05-19 01:49:07', 1),
(456, 45.47, 7818.88, 1, 185, '2024-05-29 11:45:00', '2024-05-29 11:45:00', 10),
(457, 60.58, 325.34, 1, 987, '2024-05-31 02:47:32', '2024-05-31 02:47:32', 5),
(458, 70.06, 8303.38, 0, 680, '2024-06-06 01:26:07', '2024-06-06 01:26:07', 1),
(459, 89.42, 3857.1, 1, 929, '2024-06-09 19:58:11', '2024-06-09 19:58:11', 1),
(460, 37.88, 4186.35, 0, 541, '2024-06-10 00:27:13', '2024-06-10 00:27:13', 3),
(461, 68.25, 3260.39, 0, 760, '2024-05-21 10:21:06', '2024-05-21 10:21:06', 9),
(462, 69.69, 9422.72, 1, 599, '2024-06-11 16:07:05', '2024-06-11 16:07:05', 3),
(463, 42.25, 8117.68, 1, 266, '2024-05-14 17:03:15', '2024-05-14 17:03:15', 3),
(464, 40.76, 5652.41, 1, 434, '2024-05-31 19:45:48', '2024-05-31 19:45:48', 2),
(465, 17.12, 4716.83, 1, 7, '2024-05-24 01:36:01', '2024-05-24 01:36:01', 10),
(466, 10.14, 6693.97, 1, 496, '2024-05-19 12:57:25', '2024-05-19 12:57:25', 4),
(467, 86.08, 7972.28, 0, 664, '2024-05-16 19:18:36', '2024-05-16 19:18:36', 11),
(468, 19.84, 4612.25, 0, 460, '2024-05-22 19:47:59', '2024-05-22 19:47:59', 8),
(469, 6.07, 6422.34, 1, 128, '2024-05-29 18:51:29', '2024-05-29 18:51:29', 7),
(470, 56.84, 1434.2, 0, 57, '2024-05-30 23:53:40', '2024-05-30 23:53:40', 10),
(471, 80.21, 8289.21, 1, 772, '2024-05-15 08:02:07', '2024-05-15 08:02:07', 6),
(472, 32.92, 1000.28, 0, 560, '2024-05-15 19:36:29', '2024-05-15 19:36:29', 6),
(473, 15.68, 4444.92, 1, 785, '2024-06-08 01:16:40', '2024-06-08 01:16:40', 6),
(474, 21.45, 9580.14, 1, 82, '2024-05-13 20:17:46', '2024-05-13 20:17:46', 8),
(475, 51.58, 8710.14, 0, 812, '2024-06-05 20:28:35', '2024-06-05 20:28:35', 2),
(476, 99.77, 5818.88, 0, 956, '2024-05-26 22:36:17', '2024-05-26 22:36:17', 8),
(477, 84.17, 4662.29, 1, 294, '2024-05-25 17:22:02', '2024-05-25 17:22:02', 9),
(478, 50.15, 4290.25, 1, 828, '2024-05-31 05:14:36', '2024-05-31 05:14:36', 4),
(479, 64.50, 2128.06, 1, 168, '2024-06-09 19:53:24', '2024-06-09 19:53:24', 9),
(480, 9.99, 2414.94, 1, 951, '2024-05-25 19:48:22', '2024-05-25 19:48:22', 11),
(481, 60.62, 1740.67, 1, 951, '2024-05-31 09:28:51', '2024-05-31 09:28:51', 5),
(482, 61.41, 1531.99, 0, 478, '2024-06-10 11:41:15', '2024-06-10 11:41:15', 2),
(483, 31.12, 738.2, 1, 121, '2024-06-09 13:04:07', '2024-06-09 13:04:07', 4),
(484, 8.13, 2193.39, 1, 807, '2024-06-01 17:26:34', '2024-06-01 17:26:34', 6),
(485, 10.34, 2118.46, 0, 217, '2024-05-23 07:04:57', '2024-05-23 07:04:57', 9),
(486, 51.20, 4486.84, 0, 414, '2024-05-28 23:23:50', '2024-05-28 23:23:50', 8),
(487, 68.90, 3082.07, 0, 975, '2024-05-31 08:51:38', '2024-05-31 08:51:38', 11),
(488, 16.07, 3341.77, 0, 810, '2024-06-09 06:40:41', '2024-06-09 06:40:41', 1),
(489, 29.19, 7166.3, 1, 23, '2024-05-22 13:30:19', '2024-05-22 13:30:19', 7),
(490, 57.91, 8787.68, 1, 26, '2024-06-09 19:12:03', '2024-06-09 19:12:03', 5),
(491, 59.20, 911.95, 1, 569, '2024-06-04 22:03:11', '2024-06-04 22:03:11', 4),
(492, 34.25, 8727.36, 0, 21, '2024-05-30 15:44:58', '2024-05-30 15:44:58', 5),
(493, 61.66, 7699.88, 1, 196, '2024-05-21 18:18:01', '2024-05-21 18:18:01', 6),
(494, 49.49, 4187.07, 0, 225, '2024-06-03 14:05:29', '2024-06-03 14:05:29', 6),
(495, 45.91, 7666.16, 0, 599, '2024-06-01 00:36:56', '2024-06-01 00:36:56', 7),
(496, 59.05, 2708.02, 0, 781, '2024-06-04 06:30:50', '2024-06-04 06:30:50', 6),
(497, 47.26, 5527.72, 0, 401, '2024-06-06 17:01:30', '2024-06-06 17:01:30', 1),
(498, 75.39, 991.87, 1, 404, '2024-05-19 10:57:19', '2024-05-19 10:57:19', 7),
(499, 86.33, 7011.82, 1, 822, '2024-05-27 06:00:48', '2024-05-27 06:00:48', 4),
(500, 34.63, 2088.49, 0, 821, '2024-06-05 16:40:56', '2024-06-05 16:40:56', 10);

-- --------------------------------------------------------

--
-- Structure de la table `failed_jobs`
--

CREATE TABLE `failed_jobs` (
  `id` bigint(20) UNSIGNED NOT NULL,
  `uuid` varchar(255) COLLATE utf8mb4_unicode_ci NOT NULL,
  `connection` text COLLATE utf8mb4_unicode_ci NOT NULL,
  `queue` text COLLATE utf8mb4_unicode_ci NOT NULL,
  `payload` longtext COLLATE utf8mb4_unicode_ci NOT NULL,
  `exception` longtext COLLATE utf8mb4_unicode_ci NOT NULL,
  `failed_at` timestamp NOT NULL DEFAULT CURRENT_TIMESTAMP
) ENGINE=InnoDB DEFAULT CHARSET=utf8mb4 COLLATE=utf8mb4_unicode_ci;

-- --------------------------------------------------------

--
-- Structure de la table `measured_types`
--

CREATE TABLE `measured_types` (
  `id` bigint(20) UNSIGNED NOT NULL,
  `name` varchar(255) COLLATE utf8mb4_unicode_ci NOT NULL,
  `description` varchar(255) COLLATE utf8mb4_unicode_ci DEFAULT NULL,
  `min_value` int(11) NOT NULL DEFAULT '0',
  `max_value` int(11) NOT NULL DEFAULT '100',
  `created_at` timestamp NULL DEFAULT NULL,
  `updated_at` timestamp NULL DEFAULT NULL
) ENGINE=InnoDB DEFAULT CHARSET=utf8mb4 COLLATE=utf8mb4_unicode_ci;

--
-- Déchargement des données de la table `measured_types`
--

INSERT INTO `measured_types` (`id`, `name`, `description`, `min_value`, `max_value`, `created_at`, `updated_at`) VALUES
(1, 'Température', 'Mesure de la chaleur ou du froid.', 0, 100, '2024-06-12 19:49:06', '2024-06-12 19:49:06'),
(2, 'Vitesse', 'Mesure de la rapidité de déplacement.', 0, 100, '2024-06-12 19:49:06', '2024-06-12 19:49:06'),
(3, 'Débit', 'Mesure du volume de liquide ou de gaz passant par un point par unité de temps.', 0, 100, '2024-06-12 19:49:06', '2024-06-12 19:49:06'),
(4, 'Pression', 'Mesure de la force appliquée sur une surface.', 0, 100, '2024-06-12 19:49:06', '2024-06-12 19:49:06'),
(5, 'Humidité', 'Mesure de la quantité de vapeur d\'eau dans l\'air.', 0, 100, '2024-06-12 19:49:06', '2024-06-12 19:49:06'),
(6, 'Poids', 'Mesure de la masse d\'un objet.', 0, 100, '2024-06-12 19:49:06', '2024-06-12 19:49:06'),
(7, 'Volume', 'Mesure de l\'espace occupé par un objet ou une substance.', 0, 100, '2024-06-12 19:49:06', '2024-06-12 19:49:06'),
(8, 'Longueur', 'Mesure de la distance entre deux points.', 0, 100, '2024-06-12 19:49:06', '2024-06-12 19:49:06'),
(9, 'Altitude', 'Mesure de la hauteur par rapport au niveau de la mer.', 0, 100, '2024-06-12 19:49:06', '2024-06-12 19:49:06'),
(10, 'Tension', 'Mesure de la différence de potentiel électrique entre deux points.', 0, 100, '2024-06-12 19:49:06', '2024-06-12 19:49:06'),
(11, 'Courant', 'Mesure du flux de charge électrique.', 0, 100, '2024-06-12 19:49:06', '2024-06-12 19:49:06');

-- --------------------------------------------------------

--
-- Structure de la table `migrations`
--

CREATE TABLE `migrations` (
  `id` int(10) UNSIGNED NOT NULL,
  `migration` varchar(255) COLLATE utf8mb4_unicode_ci NOT NULL,
  `batch` int(11) NOT NULL
) ENGINE=InnoDB DEFAULT CHARSET=utf8mb4 COLLATE=utf8mb4_unicode_ci;

--
-- Déchargement des données de la table `migrations`
--

INSERT INTO `migrations` (`id`, `migration`, `batch`) VALUES
(1, '2014_10_12_000000_create_users_table', 1),
(2, '2014_10_12_100000_create_password_reset_tokens_table', 1),
(3, '2019_08_19_000000_create_failed_jobs_table', 1),
(4, '2019_12_14_000001_create_personal_access_tokens_table', 1),
(5, '2024_06_10_164717_create_measured_types_table', 1),
(6, '2024_06_10_165338_create_modules_table', 1),
(7, '2024_06_10_165706_create_data_collecteds_table', 1);

-- --------------------------------------------------------

--
-- Structure de la table `modules`
--

CREATE TABLE `modules` (
  `id` bigint(20) UNSIGNED NOT NULL,
  `name` varchar(255) COLLATE utf8mb4_unicode_ci NOT NULL,
  `slug` varchar(255) COLLATE utf8mb4_unicode_ci NOT NULL,
  `description` varchar(255) COLLATE utf8mb4_unicode_ci DEFAULT NULL,
  `status` tinyint(1) NOT NULL DEFAULT '0',
  `measured_type_id` bigint(20) UNSIGNED DEFAULT NULL,
  `created_at` timestamp NULL DEFAULT NULL,
  `updated_at` timestamp NULL DEFAULT NULL
) ENGINE=InnoDB DEFAULT CHARSET=utf8mb4 COLLATE=utf8mb4_unicode_ci;

--
-- Déchargement des données de la table `modules`
--

INSERT INTO `modules` (`id`, `name`, `slug`, `description`, `status`, `measured_type_id`, `created_at`, `updated_at`) VALUES
(1, 'Thermometer', 'thermometer', 'Measures temperature.', 0, 1, '2024-06-12 19:49:06', '2024-06-12 19:49:06'),
(2, 'Anemometer', 'anemometer', 'Measures wind speed.', 0, 2, '2024-06-12 19:49:06', '2024-06-12 19:49:06'),
(3, 'Flow Meter', 'flow-meter', 'Measures the flow rate of liquids.', 0, 3, '2024-06-12 19:49:06', '2024-06-12 19:49:06'),
(4, 'Barometer', 'barometer', 'Measures atmospheric pressure.', 0, 4, '2024-06-12 19:49:06', '2024-06-12 19:49:06'),
(5, 'Hygrometer', 'hygrometer', 'Measures humidity.', 0, 5, '2024-06-12 19:49:06', '2024-06-12 19:49:06'),
(6, 'Weighing Scale', 'weighing-scale', 'Measures weight.', 0, 6, '2024-06-12 19:49:06', '2024-06-12 19:49:06'),
(7, 'Volumeter', 'volumeter', 'Measures volume.', 0, 7, '2024-06-12 19:49:06', '2024-06-12 19:49:06'),
(8, 'Ruler', 'ruler', 'Measures length.', 0, 8, '2024-06-12 19:49:06', '2024-06-12 19:49:06'),
(9, 'Altimeter', 'altimeter', 'Measures altitude.', 0, 9, '2024-06-12 19:49:06', '2024-06-12 19:49:06'),
(10, 'Voltmeter', 'voltmeter', 'Measures electrical potential difference.', 0, 10, '2024-06-12 19:49:06', '2024-06-12 19:49:06'),
(11, 'Ammeter', 'ammeter', 'Measures electric current.', 0, 11, '2024-06-12 19:49:06', '2024-06-12 19:49:06');

-- --------------------------------------------------------

--
-- Structure de la table `password_reset_tokens`
--

CREATE TABLE `password_reset_tokens` (
  `email` varchar(255) COLLATE utf8mb4_unicode_ci NOT NULL,
  `token` varchar(255) COLLATE utf8mb4_unicode_ci NOT NULL,
  `created_at` timestamp NULL DEFAULT NULL
) ENGINE=InnoDB DEFAULT CHARSET=utf8mb4 COLLATE=utf8mb4_unicode_ci;

-- --------------------------------------------------------

--
-- Structure de la table `personal_access_tokens`
--

CREATE TABLE `personal_access_tokens` (
  `id` bigint(20) UNSIGNED NOT NULL,
  `tokenable_type` varchar(255) COLLATE utf8mb4_unicode_ci NOT NULL,
  `tokenable_id` bigint(20) UNSIGNED NOT NULL,
  `name` varchar(255) COLLATE utf8mb4_unicode_ci NOT NULL,
  `token` varchar(64) COLLATE utf8mb4_unicode_ci NOT NULL,
  `abilities` text COLLATE utf8mb4_unicode_ci,
  `last_used_at` timestamp NULL DEFAULT NULL,
  `expires_at` timestamp NULL DEFAULT NULL,
  `created_at` timestamp NULL DEFAULT NULL,
  `updated_at` timestamp NULL DEFAULT NULL
) ENGINE=InnoDB DEFAULT CHARSET=utf8mb4 COLLATE=utf8mb4_unicode_ci;

-- --------------------------------------------------------

--
-- Structure de la table `users`
--

CREATE TABLE `users` (
  `id` bigint(20) UNSIGNED NOT NULL,
  `name` varchar(255) COLLATE utf8mb4_unicode_ci NOT NULL,
  `email` varchar(255) COLLATE utf8mb4_unicode_ci NOT NULL,
  `email_verified_at` timestamp NULL DEFAULT NULL,
  `password` varchar(255) COLLATE utf8mb4_unicode_ci NOT NULL,
  `remember_token` varchar(100) COLLATE utf8mb4_unicode_ci DEFAULT NULL,
  `created_at` timestamp NULL DEFAULT NULL,
  `updated_at` timestamp NULL DEFAULT NULL
) ENGINE=InnoDB DEFAULT CHARSET=utf8mb4 COLLATE=utf8mb4_unicode_ci;

--
-- Index pour les tables déchargées
--

--
-- Index pour la table `data_collecteds`
--
ALTER TABLE `data_collecteds`
  ADD PRIMARY KEY (`id`),
  ADD KEY `data_collecteds_module_id_foreign` (`module_id`);

--
-- Index pour la table `failed_jobs`
--
ALTER TABLE `failed_jobs`
  ADD PRIMARY KEY (`id`),
  ADD UNIQUE KEY `failed_jobs_uuid_unique` (`uuid`);

--
-- Index pour la table `measured_types`
--
ALTER TABLE `measured_types`
  ADD PRIMARY KEY (`id`);

--
-- Index pour la table `migrations`
--
ALTER TABLE `migrations`
  ADD PRIMARY KEY (`id`);

--
-- Index pour la table `modules`
--
ALTER TABLE `modules`
  ADD PRIMARY KEY (`id`),
  ADD UNIQUE KEY `modules_slug_unique` (`slug`),
  ADD KEY `modules_measured_type_id_foreign` (`measured_type_id`);

--
-- Index pour la table `password_reset_tokens`
--
ALTER TABLE `password_reset_tokens`
  ADD PRIMARY KEY (`email`);

--
-- Index pour la table `personal_access_tokens`
--
ALTER TABLE `personal_access_tokens`
  ADD PRIMARY KEY (`id`),
  ADD UNIQUE KEY `personal_access_tokens_token_unique` (`token`),
  ADD KEY `personal_access_tokens_tokenable_type_tokenable_id_index` (`tokenable_type`,`tokenable_id`);

--
-- Index pour la table `users`
--
ALTER TABLE `users`
  ADD PRIMARY KEY (`id`),
  ADD UNIQUE KEY `users_email_unique` (`email`);

--
-- AUTO_INCREMENT pour les tables déchargées
--

--
-- AUTO_INCREMENT pour la table `data_collecteds`
--
ALTER TABLE `data_collecteds`
  MODIFY `id` bigint(20) UNSIGNED NOT NULL AUTO_INCREMENT, AUTO_INCREMENT=501;

--
-- AUTO_INCREMENT pour la table `failed_jobs`
--
ALTER TABLE `failed_jobs`
  MODIFY `id` bigint(20) UNSIGNED NOT NULL AUTO_INCREMENT;

--
-- AUTO_INCREMENT pour la table `measured_types`
--
ALTER TABLE `measured_types`
  MODIFY `id` bigint(20) UNSIGNED NOT NULL AUTO_INCREMENT, AUTO_INCREMENT=12;

--
-- AUTO_INCREMENT pour la table `migrations`
--
ALTER TABLE `migrations`
  MODIFY `id` int(10) UNSIGNED NOT NULL AUTO_INCREMENT, AUTO_INCREMENT=8;

--
-- AUTO_INCREMENT pour la table `modules`
--
ALTER TABLE `modules`
  MODIFY `id` bigint(20) UNSIGNED NOT NULL AUTO_INCREMENT, AUTO_INCREMENT=12;

--
-- AUTO_INCREMENT pour la table `personal_access_tokens`
--
ALTER TABLE `personal_access_tokens`
  MODIFY `id` bigint(20) UNSIGNED NOT NULL AUTO_INCREMENT;

--
-- AUTO_INCREMENT pour la table `users`
--
ALTER TABLE `users`
  MODIFY `id` bigint(20) UNSIGNED NOT NULL AUTO_INCREMENT;

--
-- Contraintes pour les tables déchargées
--

--
-- Contraintes pour la table `data_collecteds`
--
ALTER TABLE `data_collecteds`
  ADD CONSTRAINT `data_collecteds_module_id_foreign` FOREIGN KEY (`module_id`) REFERENCES `modules` (`id`) ON DELETE CASCADE;

--
-- Contraintes pour la table `modules`
--
ALTER TABLE `modules`
  ADD CONSTRAINT `modules_measured_type_id_foreign` FOREIGN KEY (`measured_type_id`) REFERENCES `measured_types` (`id`);
COMMIT;

/*!40101 SET CHARACTER_SET_CLIENT=@OLD_CHARACTER_SET_CLIENT */;
/*!40101 SET CHARACTER_SET_RESULTS=@OLD_CHARACTER_SET_RESULTS */;
/*!40101 SET COLLATION_CONNECTION=@OLD_COLLATION_CONNECTION */;
